<?xml version="1.0" encoding="UTF-8"?>
<project-private xmlns="http://www.netbeans.org/ns/project-private/1">
    <editor-bookmarks xmlns="http://www.netbeans.org/ns/editor-bookmarks/2" lastBookmarkId="0"/>
    <open-files xmlns="http://www.netbeans.org/ns/projectui-open-files/2">
        <group>
            <file>file://brookesf1/s21/16031521/NetBeansProjects/bShipsGUI2/src/bshipsgui2/BSModel.java</file>
            <file>file://brookesf1/s21/16031521/NetBeansProjects/bShipsGUI2/src/bshipsgui2/Ship.java</file>
            <file>file://brookesf1/s21/16031521/NetBeansProjects/bShipsGUI2/src/bshipsgui2/Water.java</file>
            <file>file://brookesf1/s21/16031521/NetBeansProjects/bShipsGUI2/src/bshipsgui2/ShipPart.java</file>
            <file>file://brookesf1/s21/16031521/NetBeansProjects/bShipsGUI2/src/bshipsgui2/Entity.java</file>
            <file>file://brookesf1/s21/16031521/NetBeansProjects/bShipsGUI2/src/bshipsgui2/Room.java</file>
            <file>file://brookesf1/s21/16031521/NetBeansProjects/bShipsGUI2/src/bshipsgui2/BSController.java</file>
            <file>file://brookesf1/s21/16031521/NetBeansProjects/bShipsGUI2/src/bshipsgui2/BSView.java</file>
            <file>file://brookesf1/s21/16031521/NetBeansProjects/bShipsGUI2/src/bshipsgui2/Main.java</file>
        </group>
    </open-files>
</project-private>
