<?xml version="1.0" encoding="UTF-8"?>
<project-private xmlns="http://www.netbeans.org/ns/project-private/1">
    <editor-bookmarks xmlns="http://www.netbeans.org/ns/editor-bookmarks/2" lastBookmarkId="0"/>
    <open-files xmlns="http://www.netbeans.org/ns/projectui-open-files/2">
        <group>
            <file>file://brookesf1/s21/16031521/NetBeansProjects/Data%20Structures%20CW/src/module/main.java</file>
            <file>file://brookesf1/s21/16031521/NetBeansProjects/Data%20Structures%20CW/src/module/StudentAssociativeArray.java</file>
            <file>file://brookesf1/s21/16031521/NetBeansProjects/Data%20Structures%20CW/src/module/IModuleBinaryTree.java</file>
            <file>file://brookesf1/s21/16031521/NetBeansProjects/Data%20Structures%20CW/src/module/Student.java</file>
        </group>
    </open-files>
</project-private>
