<?xml version="1.0" encoding="UTF-8"?>
<project-private xmlns="http://www.netbeans.org/ns/project-private/1">
    <editor-bookmarks xmlns="http://www.netbeans.org/ns/editor-bookmarks/2" lastBookmarkId="0"/>
    <open-files xmlns="http://www.netbeans.org/ns/projectui-open-files/2">
        <group>
            <file>file://brookesf1/s21/16031521/NetBeansProjects/bShipsCMD/src/bshipscmd/Ship.java</file>
            <file>file://brookesf1/s21/16031521/NetBeansProjects/bShipsCMD/src/bshipscmd/BSModel.java</file>
            <file>file://brookesf1/s21/16031521/NetBeansProjects/bShipsCMD/src/bshipscmd/Water.java</file>
            <file>file://brookesf1/s21/16031521/NetBeansProjects/bShipsCMD/src/bshipscmd/Main.java</file>
            <file>file://brookesf1/s21/16031521/NetBeansProjects/bShipsCMD/src/bshipscmd/ShipPart.java</file>
            <file>file://brookesf1/s21/16031521/NetBeansProjects/bShipsCMD/src/bshipscmd/Entity.java</file>
        </group>
    </open-files>
</project-private>
